{
  "dice": 0.5185587406158447,
  "iou": 0.5766701102256775,
  "pixel_accuracy": 0.9965708255767822,
  "test_size": 387
}