{
  "dice": 0.6549053192138672,
  "iou": 0.6620140075683594,
  "pixel_accuracy": 0.997348964214325,
  "test_size": 387
}